,mean,std,min,max,median,missing_values
life_expectancy_both,73.9775,7.004588858411098,54.8,85.8,74.85,0
life_expectancy_female,76.59649999999999,7.126053673301504,55.1,88.4,78.05,0
life_expectancy_male,71.37950000000001,6.979282316849739,53.5,83.1,71.2,0
urban_population_percent,60.0603550295858,22.06763202535644,12.6,98.8,61.6,31
urban_population_absolute,23592449.77,83188523.4233863,0.0,956553854.0,4745905.0,0
population_density_km2,148.82901554404145,168.29589142453824,2.0,929.0,87.0,7
